Address,category
경기 수원시 권선구 권선로 445,재분류
경기 수원시 권선구 경수대로 270,재분류
경기 수원시 권선구 매송고색로 지하 690,재분류
경기 수원시 권선구 장지동 50-5,재분류
경기 수원시 권선구 세화로 120,재분류
경기 수원시 권선구 세화로 134,재분류
경기 수원시 권선구 곡선로49번길 14-5,재분류
경기 수원시 권선구 권선동 1212,야외주차장
경기 수원시 권선구 탑동 864,재분류
경기 수원시 권선구 세권로 243,재분류
경기 수원시 권선구 호매실로 12,재분류
경기 수원시 권선구 세권로195번길 13,야외주차장
경기 수원시 권선구 효원로256번길 7,재분류
경기 수원시 권선구 정조로 393-1,재분류
경기 수원시 권선구 금곡동 1071,재분류
경기 수원시 권선구 고색동 551,재분류
경기 수원시 권선구 구운로14번길 42,재분류
경기 수원시 권선구 수인로 154,재분류
경기 수원시 권선구 매송고색로 636-1,재분류
경기 수원시 권선구 오목천동 461-9,재분류
경기 수원시 권선구 호매실동 1400-1,재분류
경기 수원시 권선구 칠보로 146,재분류
경기 수원시 권선구 경수대로 270,재분류
경기 수원시 권선구 권선동 1015-8,재분류
경기 수원시 권선구 권선로357번길 13,재분류
경기 수원시 권선구 곡반정로 121,재분류
경기 수원시 권선구 호매실로90번길 49,재분류
경기 수원시 권선구 권선동 1029,재분류
경기 수원시 권선구 권선동 964-22,재분류
경기 수원시 권선구 세권로304번길 62,재분류
경기 수원시 권선구 오목천동 469-4,재분류
경기 수원시 권선구 권선동 980,재분류
경기 수원시 권선구 매송고색로 543,재분류
경기 수원시 권선구 효원로230번길 24,재분류
경기 수원시 권선구 곡반정로158번길 4,상가
경기 수원시 권선구 금곡동 1110-1,재분류
경기 수원시 권선구 금곡로 225,재분류
경기 수원시 권선구 고색동 281-18,재분류
경기 수원시 권선구 세류동 977-1,재분류
경기 수원시 권선구 서둔로 166,상가
경기 수원시 권선구 금곡로 204,재분류
경기 수원시 권선구 칠보로159번길 26,재분류
경기 수원시 권선구 금곡로 236,재분류
경기 수원시 권선구 금곡로102번길 30,재분류
경기 수원시 권선구 호매실로90번길 20,상가
경기 수원시 권선구 세권로 236,재분류
경기 수원시 권선구 여기산로26번길 30,재분류
경기 수원시 권선구 동수원로 232,재분류
경기 수원시 권선구 효원로 240,재분류
경기 수원시 권선구 곡반정동 652-1,재분류
경기 수원시 권선구 서부로 1937,재분류
경기 수원시 권선구 금곡로197번길 13,상가
경기 수원시 권선구 고색동 914-38,재분류
경기 수원시 권선구 산업로156번길 142-10,재분류
경기 수원시 권선구 곡반정동 524,재분류
경기 수원시 권선구 서둔동 458,재분류
경기 수원시 권선구 일월천로4번길 22,재분류
경기 수원시 권선구 경수대로 386,재분류
경기 수원시 권선구 권선동 1310,재분류
경기 수원시 권선구 고색동 1129,재분류
경기 수원시 권선구 세류동 1163-2,재분류
경기 수원시 권선구 세류동 356,재분류
경기 수원시 권선구 경수대로 270,재분류
경기 수원시 권선구 곡반정동 317-7,재분류
경기 수원시 권선구 평동 144-1,재분류
경기 수원시 권선구 세류동 325-1,재분류
경기 수원시 권선구 서수원로 66,야외주차장
경기 수원시 권선구 수인로 291,재분류
경기 수원시 권선구 매송고색로 594,재분류
경기 수원시 권선구 호매실동 403-9,재분류
경기 수원시 권선구 세류동 1003-7,재분류
경기 수원시 권선구 서수원로 453,재분류
경기 수원시 권선구 효행로 28,재분류
경기 수원시 권선구 오목천로 149,재분류
경기 수원시 권선구 오목천로132번길 33,재분류
경기 수원시 권선구 세화로134번길 11,재분류
경기 수원시 권선구 권선로 308-18,재분류
경기 수원시 권선구 곡반정동 547-1,재분류
경기 수원시 권선구 권선동 970,재분류
경기 수원시 권선구 구운로4번길 32,재분류
경기 수원시 권선구 권선로357번길 70,야외주차장
경기 수원시 권선구 수인로 255,재분류
경기 수원시 권선구 금곡로 202,재분류
경기 수원시 권선구 세지로66번길 10,재분류
경기 수원시 권선구 세권로 153,재분류
경기 수원시 권선구 고색동 1107,재분류
경기 수원시 권선구 금곡동 1153,야외주차장
경기 수원시 권선구 고색동 533-8,재분류
경기 수원시 권선구 온정로30번길 70,재분류
경기 수원시 권선구 정조로 224,재분류
경기 수원시 권선구 고색동 913-3,재분류
경기 수원시 권선구 칠보로1번길 20,재분류
경기 수원시 권선구 탑동로57번길 35,재분류
경기 수원시 권선구 호매실동 1400-1,재분류
경기 수원시 권선구 상탑로21번길 7-8,재분류
경기 수원시 권선구 구운동 899-7 1층,재분류
경기 수원시 권선구 금곡로212번길 25,재분류
경기 수원시 권선구 경수대로 195,재분류
경기 수원시 권선구 금곡로118번길 10-31,재분류
경기 수원시 권선구 금곡로196번길 67,재분류
경기 수원시 권선구 호매실로 22-55,재분류
경기 수원시 권선구 세화로134번길 11,재분류
경기 수원시 권선구 고색동 431-15,재분류
경기 수원시 권선구 호매실로90번길 86,재분류
경기 수원시 권선구 세류동 152-20,재분류
경기 수원시 권선구 권선로 708-8,야외주차장
경기 수원시 권선구 호매실로166번길 33,야외주차장
경기 수원시 권선구 서부로1596번길 10,야외주차장
경기 수원시 권선구 권선로669번길 24-23,재분류
경기 수원시 권선구 서호동로14번길 76-23,재분류
경기 수원시 권선구 세권로304번길 62,야외주차장
"경기 수원시 권선구 호매실로 237 지하1층,1층",재분류
경기 수원시 권선구 세류동 526-2,야외주차장
경기 수원시 권선구 세류동 1121,재분류
경기 수원시 권선구 효행로 28,재분류
경기 수원시 권선구 호매실로104번길 24-43,재분류
경기 수원시 권선구 권선동 964-20,재분류
경기 수원시 권선구 금호로 248,재분류
경기 수원시 권선구 오목천동 666-4,재분류
경기 수원시 권선구 호매실로 22-50,재분류
경기 수원시 권선구 수인로 257,재분류
경기 수원시 권선구 수인로 126,재분류
경기 수원시 권선구 칠보로 140,야외주차장
경기 수원시 권선구 곡반정동 601,재분류
경기 수원시 권선구 세류동 1102-13,재분류
경기 수원시 권선구 경수대로 270,재분류
경기 수원시 권선구 금곡로196번길 92,상가
경기 수원시 권선구 금호로 69,야외주차장
경기 수원시 권선구 효원로 188,재분류
경기 수원시 권선구 효원로230번길 24,재분류
경기 수원시 권선구 여기산로26번길 30,재분류
경기 수원시 권선구 고색동 1136,재분류
경기 수원시 권선구 경수대로 408,재분류
경기 수원시 권선구 세류동 1216,재분류
경기 수원시 권선구 호매실로 12,재분류
경기 수원시 권선구 온정로 72,재분류
경기 수원시 권선구 금곡로196번길 92,재분류
경기 수원시 권선구 금곡로 204,재분류
경기 수원시 권선구 동수원로 232,재분류
경기 수원시 권선구 효원로266번길 18,재분류
경기 수원시 권선구 금곡로 206,재분류
경기 수원시 권선구 세류동 1102-13,재분류
경기 수원시 권선구 곡반정동 103-11,재분류
경기 수원시 권선구 곡반정동 103-11,재분류
경기 수원시 권선구 호매실로90번길 77,야외주차장
경기 수원시 권선구 금곡로 204,재분류
경기 수원시 권선구 고색동 905-9,재분류
경기 수원시 권선구 서호로 30,재분류
경기 수원시 권선구 구운로85번길 12,재분류
경기 수원시 권선구 서부로 1673,재분류
경기 수원시 권선구 수인로 313,재분류
경기 수원시 권선구 서둔동 243-6,재분류
경기 수원시 권선구 권선로381번길 1,재분류
경기 수원시 권선구 금곡로 236,재분류
경기 수원시 권선구 세지로 35,재분류
경기 수원시 권선구 산업로156번길 197-50,재분류
경기 수원시 권선구 동수원로145번길 74,재분류
경기 수원시 권선구 동수원로145번길 74,야외주차장
경기 수원시 권선구 금곡로 205,재분류
경기 수원시 권선구 곡반정로 160,재분류
경기 수원시 권선구 탑동 848,야외주차장
경기 수원시 권선구 호매실로 12,상가
경기 수원시 권선구 탑동 114-2,재분류
경기 수원시 권선구 서수원로594번길 139,재분류
경기 수원시 권선구 당수동 162-1,재분류
경기 수원시 권선구 호매실로 53-23,재분류
경기 수원시 권선구 오목천로152번길 68,재분류
경기 수원시 권선구 금곡로102번길 20,재분류
경기 수원시 권선구 서호로 71,재분류
경기 수원시 권선구 금곡로196번길 35,재분류
경기 수원시 권선구 금곡로 45,재분류
경기 수원시 권선구 금곡로 219,재분류
경기 수원시 권선구 곡반정동 567-9,재분류
경기 수원시 권선구 곡반정로 160,재분류
경기 수원시 권선구 곡반정동 607-5,재분류
경기 수원시 권선구 금곡로196번길 102,재분류
경기 수원시 권선구 권선로357번길 53,재분류
경기 수원시 권선구 금곡로 106,재분류
경기 수원시 권선구 경수대로 270,재분류
경기 수원시 권선구 호매실로90번길 86,재분류
경기 수원시 권선구 율전로63번길 5-10,재분류
경기 수원시 권선구 호매실로90번길 77,재분류
경기 수원시 권선구 오목천동 15-3,재분류
경기 수원시 권선구 호매실동 1400-1,재분류
경기 수원시 권선구 권선로357번길 33,재분류
경기 수원시 권선구 금곡동 746-11,재분류
경기 수원시 권선구 금곡로 213,재분류
경기 수원시 권선구 서수원로 519,재분류
경기 수원시 권선구 서수원로 361,재분류
경기 수원시 권선구 서호로 54,야외주차장
경기 수원시 권선구 세류동 1102-13,재분류
경기 수원시 권선구 수인로 334,재분류
경기 수원시 권선구 서부로 1673,재분류
경기 수원시 권선구 권선로564번길 36,재분류
경기 수원시 권선구 금곡로197번길 78,재분류
경기 수원시 권선구 하탑로 29,야외주차장
경기 수원시 권선구 동수원로177번길 40,상가
경기 수원시 권선구 온정로 58,재분류
경기 수원시 권선구 권광로 145,재분류
경기 수원시 권선구 세권로 243,재분류
경기 수원시 권선구 권선동 1083,재분류
경기 수원시 권선구 금곡로196번길 35,재분류
경기 수원시 권선구 호매실로104번길 24-43,재분류
경기 수원시 권선구 칠보로159번길 26,재분류
경기 수원시 권선구 금곡로31번길 7,재분류
경기 수원시 권선구 권선동 1162-4,재분류
경기 수원시 권선구 매송고색로 620,재분류
경기 수원시 권선구 금곡로 205,야외주차장
경기 수원시 권선구 매송고색로 755,재분류
경기 수원시 권선구 세권로94번길 40,재분류
경기 수원시 권선구 금곡로31번길 7,재분류
경기 수원시 권선구 권선동 1162-4,재분류
경기 수원시 권선구 매송고색로 620,재분류
경기 수원시 권선구 금곡로 205,야외주차장
경기 수원시 권선구 매송고색로 755,재분류
경기 수원시 권선구 세권로94번길 40,재분류
경기 수원시 권선구 수인로 334,야외주차장
경기 수원시 권선구 오목천동 311,재분류
경기 수원시 권선구 금곡로 205,재분류
경기 수원시 권선구 세권로85번길 52,재분류
경기 수원시 권선구 칠보로 152,재분류
경기 수원시 권선구 권선로357번길 33,none
경기 수원시 권선구 세류동 1213,재분류
경기 수원시 권선구 금곡로196번길 15,야외주차장
경기 수원시 권선구 권선로357번길 53,재분류
경기 수원시 권선구 권광로 145,재분류
경기 수원시 권선구 효원로256번길 7,재분류
경기 수원시 권선구 하탑로41번길 41,재분류
경기 수원시 권선구 덕영대로1201번길 36,재분류
경기 수원시 권선구 구운로85번길 12,재분류
경기 수원시 권선구 호매실로90번길 83,상가
경기 수원시 권선구 곡반정동 610-4,재분류
경기 수원시 권선구 세류동 528-20,재분류
경기 수원시 권선구 세류동 1098-14,재분류
경기 수원시 권선구 세류동 539-12,재분류
경기 수원시 권선구 금곡로197번길 13,재분류
경기 수원시 권선구 금곡로 100,재분류
경기 수원시 권선구 세화로 44,재분류
경기 수원시 권선구 권선로357번길 70,재분류
경기 수원시 권선구 평동 22-1,재분류
경기 수원시 권선구 서수원로 99,야외주차장
경기 수원시 권선구 동수원로146번길 281-25,재분류
경기 수원시 권선구 금곡로102번길 30,재분류
경기 수원시 권선구 세류동 539-12,상가
경기 수원시 권선구 오목천동 360-1,재분류
경기 수원시 권선구 산업로 182,재분류
경기 수원시 권선구 매송고색로 620,재분류
경기 수원시 권선구 서호로 32,재분류
경기 수원시 권선구 수인로 126,재분류
경기 수원시 권선구 금곡로196번길 67,재분류
